url_path,views_total,views_unique
/meetbryce/open-source-slack-ai,42,33
/meetbryce/open-source-slack-ai/tree/main/ossai,4,4
/meetbryce/open-source-slack-ai/blob/main/manifest.yaml,2,2
/meetbryce/open-source-slack-ai/tree/main,2,1
/meetbryce/open-source-slack-ai/blob/ff2ccf602c2e541a504c5529e621de7011cf9ed6/ossai/slack_server.py,1,1
/meetbryce/open-source-slack-ai/blob/main/example.env,1,1
/meetbryce/open-source-slack-ai/blob/main/ossai/handlers.py,1,1
/meetbryce/open-source-slack-ai/blob/main/ossai/slack_server.py,1,1
/meetbryce/open-source-slack-ai/blob/main/ossai/topic_analysis.py,1,1
/meetbryce/open-source-slack-ai/commit/ff2ccf602c2e541a504c5529e621de7011cf9ed6,1,1
